{
  "initialization_time_control": 0.11098766326904297,
  "execution_time_control": 159.1483952999115,
  "total_time": 159.25938296318054
}