{
  "initialization_time_control": 0.11165690422058105,
  "execution_time_control": 68.6582419872284,
  "total_time": 68.76989889144897
}