{
  "initialization_time_control": 0.10748767852783203,
  "execution_time_control": 89.08686351776123,
  "total_time": 89.19435119628906
}