{
  "initialization_time_control": 0.11226582527160645,
  "execution_time_control": 288.4321765899658,
  "total_time": 288.5444424152374
}