{
  "initialization_time_control": 0.11261963844299316,
  "execution_time_control": 99.54186272621155,
  "total_time": 99.65448236465454
}