{
  "initialization_time_control": 0.11486172676086426,
  "execution_time_control": 212.05507469177246,
  "total_time": 212.16993641853333
}