{
  "initialization_time_control": 0.12354445457458496,
  "execution_time_control": 68.80633592605591,
  "total_time": 68.9298803806305
}