{
  "initialization_time_control": 0.1093292236328125,
  "execution_time_control": 93.64771580696106,
  "total_time": 93.75704503059387
}