{
  "initialization_time_planning": 0.1439516544342041,
  "execution_time_planning": 41.40443396568298,
  "total_time": 41.54838562011719
}