{
  "initialization_time_planning": 0.12391877174377441,
  "execution_time_planning": 42.38007664680481,
  "total_time": 42.503995418548584
}